<?xml version="1.0" encoding="gb2312" standalone="yes"?>
<root>
  <content PriGroupID="30" RelGroupID="30" Relation="1" />
  <content PriGroupID="28" RelGroupID="28" Relation="1" />
  <content PriGroupID="27" RelGroupID="27" Relation="1" />
  <content PriGroupID="25" RelGroupID="20" Relation="1" />
  <content PriGroupID="25" RelGroupID="19" Relation="1" />
  <content PriGroupID="25" RelGroupID="18" Relation="1" />
  <content PriGroupID="25" RelGroupID="17" Relation="1" />
  <content PriGroupID="25" RelGroupID="16" Relation="1" />
  <content PriGroupID="25" RelGroupID="15" Relation="1" />
  <content PriGroupID="25" RelGroupID="14" Relation="1" />
  <content PriGroupID="25" RelGroupID="12" Relation="1" />
  <content PriGroupID="25" RelGroupID="11" Relation="1" />
  <content PriGroupID="25" RelGroupID="10" Relation="1" />
  <content PriGroupID="25" RelGroupID="9" Relation="1" />
  <content PriGroupID="25" RelGroupID="8" Relation="1" />
  <content PriGroupID="25" RelGroupID="7" Relation="1" />
  <content PriGroupID="25" RelGroupID="6" Relation="1" />
  <content PriGroupID="25" RelGroupID="4" Relation="1" />
  <content PriGroupID="25" RelGroupID="3" Relation="1" />
  <content PriGroupID="25" RelGroupID="2" Relation="1" />
  <content PriGroupID="25" RelGroupID="1" Relation="1" />
  <content PriGroupID="24" RelGroupID="24" Relation="3" />
  <content PriGroupID="23" RelGroupID="23" Relation="1" />
  <content PriGroupID="22" RelGroupID="22" Relation="1" />
  <content PriGroupID="21" RelGroupID="21" Relation="1" />
  <content PriGroupID="20" RelGroupID="25" Relation="3" />
  <content PriGroupID="20" RelGroupID="16" Relation="3" />
  <content PriGroupID="19" RelGroupID="25" Relation="3" />
  <content PriGroupID="19" RelGroupID="17" Relation="2" />
  <content PriGroupID="19" RelGroupID="16" Relation="3" />
  <content PriGroupID="18" RelGroupID="25" Relation="3" />
  <content PriGroupID="18" RelGroupID="17" Relation="2" />
  <content PriGroupID="18" RelGroupID="16" Relation="3" />
  <content PriGroupID="17" RelGroupID="25" Relation="3" />
  <content PriGroupID="17" RelGroupID="19" Relation="2" />
  <content PriGroupID="17" RelGroupID="18" Relation="2" />
  <content PriGroupID="16" RelGroupID="25" Relation="3" />
  <content PriGroupID="16" RelGroupID="19" Relation="1" />
  <content PriGroupID="16" RelGroupID="18" Relation="1" />
  <content PriGroupID="16" RelGroupID="16" Relation="1" />
  <content PriGroupID="16" RelGroupID="10" Relation="1" />
  <content PriGroupID="16" RelGroupID="9" Relation="1" />
  <content PriGroupID="16" RelGroupID="7" Relation="1" />
  <content PriGroupID="16" RelGroupID="4" Relation="1" />
  <content PriGroupID="15" RelGroupID="25" Relation="3" />
  <content PriGroupID="14" RelGroupID="25" Relation="3" />
  <content PriGroupID="14" RelGroupID="14" Relation="1" />
  <content PriGroupID="12" RelGroupID="25" Relation="3" />
  <content PriGroupID="11" RelGroupID="25" Relation="3" />
  <content PriGroupID="11" RelGroupID="16" Relation="3" />
  <content PriGroupID="11" RelGroupID="10" Relation="2" />
  <content PriGroupID="10" RelGroupID="25" Relation="3" />
  <content PriGroupID="10" RelGroupID="16" Relation="3" />
  <content PriGroupID="10" RelGroupID="11" Relation="2" />
  <content PriGroupID="9" RelGroupID="25" Relation="3" />
  <content PriGroupID="9" RelGroupID="16" Relation="3" />
  <content PriGroupID="9" RelGroupID="9" Relation="1" />
  <content PriGroupID="8" RelGroupID="25" Relation="3" />
  <content PriGroupID="7" RelGroupID="25" Relation="3" />
  <content PriGroupID="7" RelGroupID="16" Relation="3" />
  <content PriGroupID="7" RelGroupID="7" Relation="1" />
  <content PriGroupID="6" RelGroupID="25" Relation="3" />
  <content PriGroupID="4" RelGroupID="25" Relation="3" />
  <content PriGroupID="4" RelGroupID="16" Relation="3" />
  <content PriGroupID="3" RelGroupID="25" Relation="3" />
  <content PriGroupID="2" RelGroupID="25" Relation="3" />
  <content PriGroupID="1" RelGroupID="25" Relation="3" />
</root>