<?xml version="1.0" encoding="gb2312" standalone="yes"?>
<root>
  <content GroupID="30" GroupName="Group30" />
  <content GroupID="29" GroupName="Group29" />
  <content GroupID="28" GroupName="Group28" />
  <content GroupID="27" GroupName="Group27" />
  <content GroupID="26" GroupName="Group26" />
  <content GroupID="25" GroupName="Group25" />
  <content GroupID="24" GroupName="Group24" />
  <content GroupID="23" GroupName="Group23" />
  <content GroupID="22" GroupName="Group22" />
  <content GroupID="21" GroupName="Group21" />
  <content GroupID="20" GroupName="Group20" />
  <content GroupID="19" GroupName="Group19" />
  <content GroupID="18" GroupName="Group18" />
  <content GroupID="17" GroupName="Group17" />
  <content GroupID="16" GroupName="Group16" />
  <content GroupID="15" GroupName="Group15" />
  <content GroupID="14" GroupName="Group14" />
  <content GroupID="13" GroupName="Group13" />
  <content GroupID="12" GroupName="Group12" />
  <content GroupID="11" GroupName="Group11" />
  <content GroupID="10" GroupName="Group10" />
  <content GroupID="9" GroupName="Group9" />
  <content GroupID="8" GroupName="Group8" />
  <content GroupID="7" GroupName="Group7" />
  <content GroupID="6" GroupName="Group6" />
  <content GroupID="4" GroupName="Group4" />
  <content GroupID="3" GroupName="Group3" />
  <content GroupID="2" GroupName="Group2" />
  <content GroupID="1" GroupName="Group1" />
</root>