<?xml version="1.0" encoding="gb2312" standalone="yes"?>
<root>
  <content Id="1" R1="0" R2="0" R3="0" R4="0" R5="0" R6="0" R7="0" R8="0" R9="0" R10="0" R11="0" R12="0" R13="0" R14="0" R15="0" R16="0" R17="0" R18="0" R19="0" R20="0" R21="0" R22="0" R23="0" R24="0" R25="3" R26="0" R27="0" R28="0" R29="0" R30="0" R31="0" R32="0" R33="0" R34="0" R35="0" R36="0" R37="0" R38="0" R39="0" R40="0" R41="0" R42="0" R43="0" R44="0" R45="0" R46="0" R47="0" R48="0" R49="0" R50="0" R51="0" R52="0" R53="0" R54="0" R55="0" R56="0" R57="0" R58="0" R59="0" R60="0" R61="0" R62="0" R63="0" R64="0" />
  <content Id="2" R1="0" R2="0" R3="0" R4="0" R5="0" R6="0" R7="0" R8="0" R9="0" R10="0" R11="0" R12="0" R13="0" R14="0" R15="0" R16="0" R17="0" R18="0" R19="0" R20="0" R21="0" R22="0" R23="0" R24="0" R25="3" R26="0" R27="0" R28="0" R29="0" R30="0" R31="0" R32="0" R33="0" R34="0" R35="0" R36="0" R37="0" R38="0" R39="0" R40="0" R41="0" R42="0" R43="0" R44="0" R45="0" R46="0" R47="0" R48="0" R49="0" R50="0" R51="0" R52="0" R53="0" R54="0" R55="0" R56="0" R57="0" R58="0" R59="0" R60="0" R61="0" R62="0" R63="0" R64="0" />
  <content Id="3" R1="0" R2="0" R3="0" R4="0" R5="0" R6="0" R7="0" R8="0" R9="0" R10="0" R11="0" R12="0" R13="0" R14="0" R15="0" R16="0" R17="0" R18="0" R19="0" R20="0" R21="0" R22="0" R23="0" R24="0" R25="3" R26="0" R27="0" R28="0" R29="0" R30="0" R31="0" R32="0" R33="0" R34="0" R35="0" R36="0" R37="0" R38="0" R39="0" R40="0" R41="0" R42="0" R43="0" R44="0" R45="0" R46="0" R47="0" R48="0" R49="0" R50="0" R51="0" R52="0" R53="0" R54="0" R55="0" R56="0" R57="0" R58="0" R59="0" R60="0" R61="0" R62="0" R63="0" R64="0" />
  <content Id="4" R1="0" R2="0" R3="0" R4="0" R5="0" R6="0" R7="0" R8="0" R9="0" R10="0" R11="0" R12="0" R13="0" R14="0" R15="0" R16="3" R17="0" R18="0" R19="0" R20="0" R21="0" R22="0" R23="0" R24="0" R25="3" R26="0" R27="0" R28="0" R29="0" R30="0" R31="0" R32="0" R33="0" R34="0" R35="0" R36="0" R37="0" R38="0" R39="0" R40="0" R41="0" R42="0" R43="0" R44="0" R45="0" R46="0" R47="0" R48="0" R49="0" R50="0" R51="0" R52="0" R53="0" R54="0" R55="0" R56="0" R57="0" R58="0" R59="0" R60="0" R61="0" R62="0" R63="0" R64="0" />
  <content Id="5" R1="0" R2="0" R3="0" R4="0" R5="1" R6="0" R7="0" R8="0" R9="0" R10="0" R11="0" R12="0" R13="0" R14="0" R15="0" R16="3" R17="0" R18="0" R19="0" R20="0" R21="0" R22="0" R23="0" R24="0" R25="3" R26="0" R27="0" R28="0" R29="0" R30="0" R31="0" R32="0" R33="0" R34="0" R35="0" R36="0" R37="0" R38="0" R39="0" R40="0" R41="0" R42="0" R43="0" R44="0" R45="0" R46="0" R47="0" R48="0" R49="0" R50="0" R51="0" R52="0" R53="0" R54="0" R55="0" R56="0" R57="0" R58="0" R59="0" R60="0" R61="0" R62="0" R63="0" R64="0" />
  <content Id="6" R1="0" R2="0" R3="0" R4="0" R5="0" R6="0" R7="0" R8="0" R9="0" R10="0" R11="0" R12="0" R13="0" R14="0" R15="0" R16="0" R17="0" R18="0" R19="0" R20="0" R21="0" R22="0" R23="0" R24="0" R25="3" R26="0" R27="0" R28="0" R29="0" R30="0" R31="0" R32="0" R33="0" R34="0" R35="0" R36="0" R37="0" R38="0" R39="0" R40="0" R41="0" R42="0" R43="0" R44="0" R45="0" R46="0" R47="0" R48="0" R49="0" R50="0" R51="0" R52="0" R53="0" R54="0" R55="0" R56="0" R57="0" R58="0" R59="0" R60="0" R61="0" R62="0" R63="0" R64="0" />
  <content Id="7" R1="0" R2="0" R3="0" R4="0" R5="0" R6="0" R7="1" R8="0" R9="0" R10="0" R11="0" R12="0" R13="0" R14="0" R15="0" R16="3" R17="0" R18="0" R19="0" R20="0" R21="0" R22="0" R23="0" R24="0" R25="3" R26="0" R27="0" R28="0" R29="0" R30="0" R31="0" R32="0" R33="0" R34="0" R35="0" R36="0" R37="0" R38="0" R39="0" R40="0" R41="0" R42="0" R43="0" R44="0" R45="0" R46="0" R47="0" R48="0" R49="0" R50="0" R51="0" R52="0" R53="0" R54="0" R55="0" R56="0" R57="0" R58="0" R59="0" R60="0" R61="0" R62="0" R63="0" R64="0" />
  <content Id="8" R1="0" R2="0" R3="0" R4="0" R5="0" R6="0" R7="0" R8="0" R9="0" R10="0" R11="0" R12="0" R13="0" R14="0" R15="0" R16="0" R17="0" R18="0" R19="0" R20="0" R21="0" R22="0" R23="0" R24="0" R25="3" R26="0" R27="0" R28="0" R29="0" R30="0" R31="0" R32="0" R33="0" R34="0" R35="0" R36="0" R37="0" R38="0" R39="0" R40="0" R41="0" R42="0" R43="0" R44="0" R45="0" R46="0" R47="0" R48="0" R49="0" R50="0" R51="0" R52="0" R53="0" R54="0" R55="0" R56="0" R57="0" R58="0" R59="0" R60="0" R61="0" R62="0" R63="0" R64="0" />
  <content Id="9" R1="0" R2="0" R3="0" R4="0" R5="0" R6="0" R7="0" R8="0" R9="1" R10="0" R11="0" R12="0" R13="0" R14="0" R15="0" R16="3" R17="0" R18="0" R19="0" R20="0" R21="0" R22="0" R23="0" R24="0" R25="3" R26="0" R27="0" R28="0" R29="0" R30="0" R31="0" R32="0" R33="0" R34="0" R35="0" R36="0" R37="0" R38="0" R39="0" R40="0" R41="0" R42="0" R43="0" R44="0" R45="0" R46="0" R47="0" R48="0" R49="0" R50="0" R51="0" R52="0" R53="0" R54="0" R55="0" R56="0" R57="0" R58="0" R59="0" R60="0" R61="0" R62="0" R63="0" R64="0" />
  <content Id="10" R1="0" R2="0" R3="0" R4="0" R5="0" R6="0" R7="0" R8="0" R9="0" R10="0" R11="2" R12="0" R13="0" R14="0" R15="0" R16="3" R17="0" R18="0" R19="0" R20="0" R21="0" R22="0" R23="0" R24="0" R25="3" R26="0" R27="0" R28="0" R29="0" R30="0" R31="0" R32="0" R33="0" R34="0" R35="0" R36="0" R37="0" R38="0" R39="0" R40="0" R41="0" R42="0" R43="0" R44="0" R45="0" R46="0" R47="0" R48="0" R49="0" R50="0" R51="0" R52="0" R53="0" R54="0" R55="0" R56="0" R57="0" R58="0" R59="0" R60="0" R61="0" R62="0" R63="0" R64="0" />
  <content Id="11" R1="0" R2="0" R3="0" R4="0" R5="0" R6="0" R7="0" R8="0" R9="0" R10="2" R11="0" R12="0" R13="0" R14="0" R15="0" R16="3" R17="0" R18="0" R19="0" R20="0" R21="0" R22="0" R23="0" R24="0" R25="3" R26="0" R27="0" R28="0" R29="0" R30="0" R31="0" R32="0" R33="0" R34="0" R35="0" R36="0" R37="0" R38="0" R39="0" R40="0" R41="0" R42="0" R43="0" R44="0" R45="0" R46="0" R47="0" R48="0" R49="0" R50="0" R51="0" R52="0" R53="0" R54="0" R55="0" R56="0" R57="0" R58="0" R59="0" R60="0" R61="0" R62="0" R63="0" R64="0" />
  <content Id="12" R1="0" R2="0" R3="0" R4="0" R5="0" R6="0" R7="0" R8="0" R9="0" R10="0" R11="0" R12="0" R13="0" R14="0" R15="0" R16="0" R17="0" R18="0" R19="0" R20="0" R21="0" R22="0" R23="0" R24="0" R25="3" R26="0" R27="0" R28="0" R29="0" R30="0" R31="0" R32="0" R33="0" R34="0" R35="0" R36="0" R37="0" R38="0" R39="0" R40="0" R41="0" R42="0" R43="0" R44="0" R45="0" R46="0" R47="0" R48="0" R49="0" R50="0" R51="0" R52="0" R53="0" R54="0" R55="0" R56="0" R57="0" R58="0" R59="0" R60="0" R61="0" R62="0" R63="0" R64="0" />
  <content Id="13" R1="0" R2="0" R3="0" R4="0" R5="0" R6="0" R7="0" R8="0" R9="0" R10="0" R11="0" R12="0" R13="0" R14="0" R15="0" R16="0" R17="0" R18="0" R19="0" R20="0" R21="0" R22="0" R23="0" R24="0" R25="0" R26="0" R27="0" R28="0" R29="0" R30="0" R31="0" R32="0" R33="0" R34="0" R35="0" R36="0" R37="0" R38="0" R39="0" R40="0" R41="0" R42="0" R43="0" R44="0" R45="0" R46="0" R47="0" R48="0" R49="0" R50="0" R51="0" R52="0" R53="0" R54="0" R55="0" R56="0" R57="0" R58="0" R59="0" R60="0" R61="0" R62="0" R63="0" R64="0" />
  <content Id="14" R1="0" R2="0" R3="0" R4="0" R5="0" R6="0" R7="0" R8="0" R9="0" R10="0" R11="0" R12="0" R13="0" R14="1" R15="0" R16="0" R17="0" R18="0" R19="0" R20="0" R21="0" R22="0" R23="0" R24="0" R25="3" R26="0" R27="0" R28="0" R29="0" R30="0" R31="0" R32="0" R33="0" R34="0" R35="0" R36="0" R37="0" R38="0" R39="0" R40="0" R41="0" R42="0" R43="0" R44="0" R45="0" R46="0" R47="0" R48="0" R49="0" R50="0" R51="0" R52="0" R53="0" R54="0" R55="0" R56="0" R57="0" R58="0" R59="0" R60="0" R61="0" R62="0" R63="0" R64="0" />
  <content Id="15" R1="0" R2="0" R3="0" R4="0" R5="0" R6="0" R7="0" R8="0" R9="0" R10="0" R11="0" R12="0" R13="0" R14="0" R15="0" R16="0" R17="0" R18="0" R19="0" R20="0" R21="0" R22="0" R23="0" R24="0" R25="3" R26="0" R27="0" R28="0" R29="0" R30="0" R31="0" R32="0" R33="0" R34="0" R35="0" R36="0" R37="0" R38="0" R39="0" R40="0" R41="0" R42="0" R43="0" R44="0" R45="0" R46="0" R47="0" R48="0" R49="0" R50="0" R51="0" R52="0" R53="0" R54="0" R55="0" R56="0" R57="0" R58="0" R59="0" R60="0" R61="0" R62="0" R63="0" R64="0" />
  <content Id="16" R1="0" R2="0" R3="0" R4="1" R5="1" R6="0" R7="1" R8="0" R9="1" R10="1" R11="0" R12="0" R13="0" R14="0" R15="0" R16="1" R17="0" R18="1" R19="1" R20="0" R21="0" R22="0" R23="0" R24="0" R25="3" R26="0" R27="0" R28="0" R29="0" R30="0" R31="0" R32="0" R33="0" R34="0" R35="0" R36="0" R37="0" R38="0" R39="0" R40="0" R41="0" R42="0" R43="0" R44="0" R45="0" R46="0" R47="0" R48="0" R49="0" R50="0" R51="0" R52="0" R53="0" R54="0" R55="0" R56="0" R57="0" R58="0" R59="0" R60="0" R61="0" R62="0" R63="0" R64="0" />
  <content Id="17" R1="0" R2="0" R3="0" R4="0" R5="0" R6="0" R7="0" R8="0" R9="0" R10="0" R11="0" R12="0" R13="0" R14="0" R15="0" R16="0" R17="0" R18="2" R19="2" R20="0" R21="0" R22="0" R23="0" R24="0" R25="3" R26="0" R27="0" R28="0" R29="0" R30="0" R31="0" R32="0" R33="0" R34="0" R35="0" R36="0" R37="0" R38="0" R39="0" R40="0" R41="0" R42="0" R43="0" R44="0" R45="0" R46="0" R47="0" R48="0" R49="0" R50="0" R51="0" R52="0" R53="0" R54="0" R55="0" R56="0" R57="0" R58="0" R59="0" R60="0" R61="0" R62="0" R63="0" R64="0" />
  <content Id="18" R1="0" R2="0" R3="0" R4="0" R5="0" R6="0" R7="0" R8="0" R9="0" R10="0" R11="0" R12="0" R13="0" R14="0" R15="0" R16="3" R17="2" R18="0" R19="0" R20="0" R21="0" R22="0" R23="0" R24="0" R25="3" R26="0" R27="0" R28="0" R29="0" R30="0" R31="0" R32="0" R33="0" R34="0" R35="0" R36="0" R37="0" R38="0" R39="0" R40="0" R41="0" R42="0" R43="0" R44="0" R45="0" R46="0" R47="0" R48="0" R49="0" R50="0" R51="0" R52="0" R53="0" R54="0" R55="0" R56="0" R57="0" R58="0" R59="0" R60="0" R61="0" R62="0" R63="0" R64="0" />
  <content Id="19" R1="0" R2="0" R3="0" R4="0" R5="0" R6="0" R7="0" R8="0" R9="0" R10="0" R11="0" R12="0" R13="0" R14="0" R15="0" R16="3" R17="2" R18="0" R19="0" R20="0" R21="0" R22="0" R23="0" R24="0" R25="3" R26="0" R27="0" R28="0" R29="0" R30="0" R31="0" R32="0" R33="0" R34="0" R35="0" R36="0" R37="0" R38="0" R39="0" R40="0" R41="0" R42="0" R43="0" R44="0" R45="0" R46="0" R47="0" R48="0" R49="0" R50="0" R51="0" R52="0" R53="0" R54="0" R55="0" R56="0" R57="0" R58="0" R59="0" R60="0" R61="0" R62="0" R63="0" R64="0" />
  <content Id="20" R1="0" R2="0" R3="0" R4="0" R5="0" R6="0" R7="0" R8="0" R9="0" R10="0" R11="0" R12="0" R13="0" R14="0" R15="0" R16="3" R17="0" R18="0" R19="0" R20="0" R21="0" R22="0" R23="0" R24="0" R25="3" R26="0" R27="0" R28="0" R29="0" R30="0" R31="0" R32="0" R33="0" R34="0" R35="0" R36="0" R37="0" R38="0" R39="0" R40="0" R41="0" R42="0" R43="0" R44="0" R45="0" R46="0" R47="0" R48="0" R49="0" R50="0" R51="0" R52="0" R53="0" R54="0" R55="0" R56="0" R57="0" R58="0" R59="0" R60="0" R61="0" R62="0" R63="0" R64="0" />
  <content Id="21" R1="0" R2="0" R3="0" R4="0" R5="0" R6="0" R7="0" R8="0" R9="0" R10="0" R11="0" R12="0" R13="0" R14="0" R15="0" R16="0" R17="0" R18="0" R19="0" R20="0" R21="1" R22="0" R23="0" R24="0" R25="0" R26="0" R27="0" R28="0" R29="0" R30="0" R31="0" R32="0" R33="0" R34="0" R35="0" R36="0" R37="0" R38="0" R39="0" R40="0" R41="0" R42="0" R43="0" R44="0" R45="0" R46="0" R47="0" R48="0" R49="0" R50="0" R51="0" R52="0" R53="0" R54="0" R55="0" R56="0" R57="0" R58="0" R59="0" R60="0" R61="0" R62="0" R63="0" R64="0" />
  <content Id="22" R1="0" R2="0" R3="0" R4="0" R5="0" R6="0" R7="0" R8="0" R9="0" R10="0" R11="0" R12="0" R13="0" R14="0" R15="0" R16="0" R17="0" R18="0" R19="0" R20="0" R21="0" R22="1" R23="0" R24="0" R25="0" R26="0" R27="0" R28="0" R29="0" R30="0" R31="0" R32="0" R33="0" R34="0" R35="0" R36="0" R37="0" R38="0" R39="0" R40="0" R41="0" R42="0" R43="0" R44="0" R45="0" R46="0" R47="0" R48="0" R49="0" R50="0" R51="0" R52="0" R53="0" R54="0" R55="0" R56="0" R57="0" R58="0" R59="0" R60="0" R61="0" R62="0" R63="0" R64="0" />
  <content Id="23" R1="0" R2="0" R3="0" R4="0" R5="0" R6="0" R7="0" R8="0" R9="0" R10="0" R11="0" R12="0" R13="0" R14="0" R15="0" R16="0" R17="0" R18="0" R19="0" R20="0" R21="0" R22="0" R23="1" R24="0" R25="0" R26="0" R27="0" R28="0" R29="0" R30="0" R31="0" R32="0" R33="0" R34="0" R35="0" R36="0" R37="0" R38="0" R39="0" R40="0" R41="0" R42="0" R43="0" R44="0" R45="0" R46="0" R47="0" R48="0" R49="0" R50="0" R51="0" R52="0" R53="0" R54="0" R55="0" R56="0" R57="0" R58="0" R59="0" R60="0" R61="0" R62="0" R63="0" R64="0" />
  <content Id="24" R1="0" R2="0" R3="0" R4="0" R5="0" R6="0" R7="0" R8="0" R9="0" R10="0" R11="0" R12="0" R13="0" R14="0" R15="0" R16="0" R17="0" R18="0" R19="0" R20="0" R21="0" R22="0" R23="0" R24="3" R25="0" R26="0" R27="0" R28="0" R29="0" R30="0" R31="0" R32="0" R33="0" R34="0" R35="0" R36="0" R37="0" R38="0" R39="0" R40="0" R41="0" R42="0" R43="0" R44="0" R45="0" R46="0" R47="0" R48="0" R49="0" R50="0" R51="0" R52="0" R53="0" R54="0" R55="0" R56="0" R57="0" R58="0" R59="0" R60="0" R61="0" R62="0" R63="0" R64="0" />
  <content Id="25" R1="1" R2="1" R3="1" R4="1" R5="1" R6="1" R7="1" R8="1" R9="1" R10="1" R11="1" R12="1" R13="0" R14="1" R15="1" R16="1" R17="1" R18="1" R19="1" R20="1" R21="0" R22="0" R23="0" R24="0" R25="0" R26="0" R27="0" R28="0" R29="0" R30="0" R31="0" R32="0" R33="0" R34="0" R35="0" R36="0" R37="0" R38="0" R39="0" R40="0" R41="0" R42="0" R43="0" R44="0" R45="0" R46="0" R47="0" R48="0" R49="0" R50="0" R51="0" R52="0" R53="0" R54="0" R55="0" R56="0" R57="0" R58="0" R59="0" R60="0" R61="0" R62="0" R63="0" R64="0" />
  <content Id="26" R1="0" R2="0" R3="0" R4="0" R5="0" R6="0" R7="0" R8="0" R9="0" R10="0" R11="0" R12="0" R13="0" R14="0" R15="0" R16="0" R17="0" R18="0" R19="0" R20="0" R21="0" R22="0" R23="0" R24="0" R25="0" R26="0" R27="0" R28="0" R29="0" R30="0" R31="0" R32="0" R33="0" R34="0" R35="0" R36="0" R37="0" R38="0" R39="0" R40="0" R41="0" R42="0" R43="0" R44="0" R45="0" R46="0" R47="0" R48="0" R49="0" R50="0" R51="0" R52="0" R53="0" R54="0" R55="0" R56="0" R57="0" R58="0" R59="0" R60="0" R61="0" R62="0" R63="0" R64="0" />
  <content Id="27" R1="0" R2="0" R3="0" R4="0" R5="0" R6="0" R7="0" R8="0" R9="0" R10="0" R11="0" R12="0" R13="0" R14="0" R15="0" R16="0" R17="0" R18="0" R19="0" R20="0" R21="0" R22="0" R23="0" R24="0" R25="0" R26="0" R27="1" R28="0" R29="0" R30="0" R31="0" R32="0" R33="0" R34="0" R35="0" R36="0" R37="0" R38="0" R39="0" R40="0" R41="0" R42="0" R43="0" R44="0" R45="0" R46="0" R47="0" R48="0" R49="0" R50="0" R51="0" R52="0" R53="0" R54="0" R55="0" R56="0" R57="0" R58="0" R59="0" R60="0" R61="0" R62="0" R63="0" R64="0" />
  <content Id="28" R1="0" R2="0" R3="0" R4="0" R5="0" R6="0" R7="0" R8="0" R9="0" R10="0" R11="0" R12="0" R13="0" R14="0" R15="0" R16="0" R17="0" R18="0" R19="0" R20="0" R21="0" R22="0" R23="0" R24="0" R25="0" R26="0" R27="0" R28="1" R29="0" R30="0" R31="0" R32="0" R33="0" R34="0" R35="0" R36="0" R37="0" R38="0" R39="0" R40="0" R41="0" R42="0" R43="0" R44="0" R45="0" R46="0" R47="0" R48="0" R49="0" R50="0" R51="0" R52="0" R53="0" R54="0" R55="0" R56="0" R57="0" R58="0" R59="0" R60="0" R61="0" R62="0" R63="0" R64="0" />
  <content Id="29" R1="0" R2="0" R3="0" R4="0" R5="0" R6="0" R7="0" R8="0" R9="0" R10="0" R11="0" R12="0" R13="0" R14="0" R15="0" R16="0" R17="0" R18="0" R19="0" R20="0" R21="0" R22="0" R23="0" R24="0" R25="0" R26="0" R27="0" R28="0" R29="0" R30="0" R31="0" R32="0" R33="0" R34="0" R35="0" R36="0" R37="0" R38="0" R39="0" R40="0" R41="0" R42="0" R43="0" R44="0" R45="0" R46="0" R47="0" R48="0" R49="0" R50="0" R51="0" R52="0" R53="0" R54="0" R55="0" R56="0" R57="0" R58="0" R59="0" R60="0" R61="0" R62="0" R63="0" R64="0" />
  <content Id="30" R1="0" R2="0" R3="0" R4="0" R5="0" R6="0" R7="0" R8="0" R9="0" R10="0" R11="0" R12="0" R13="0" R14="0" R15="0" R16="0" R17="0" R18="0" R19="0" R20="0" R21="0" R22="0" R23="0" R24="0" R25="0" R26="0" R27="0" R28="0" R29="0" R30="1" R31="0" R32="0" R33="0" R34="0" R35="0" R36="0" R37="0" R38="0" R39="0" R40="0" R41="0" R42="0" R43="0" R44="0" R45="0" R46="0" R47="0" R48="0" R49="0" R50="0" R51="0" R52="0" R53="0" R54="0" R55="0" R56="0" R57="0" R58="0" R59="0" R60="0" R61="0" R62="0" R63="0" R64="0" />
  <content Id="31" R1="0" R2="0" R3="0" R4="0" R5="0" R6="0" R7="0" R8="0" R9="0" R10="0" R11="0" R12="0" R13="0" R14="0" R15="0" R16="0" R17="0" R18="0" R19="0" R20="0" R21="0" R22="0" R23="0" R24="0" R25="0" R26="0" R27="0" R28="0" R29="0" R30="0" R31="0" R32="0" R33="0" R34="0" R35="0" R36="0" R37="0" R38="0" R39="0" R40="0" R41="0" R42="0" R43="0" R44="0" R45="0" R46="0" R47="0" R48="0" R49="0" R50="0" R51="0" R52="0" R53="0" R54="0" R55="0" R56="0" R57="0" R58="0" R59="0" R60="0" R61="0" R62="0" R63="0" R64="0" />
  <content Id="32" R1="0" R2="0" R3="0" R4="0" R5="0" R6="0" R7="0" R8="0" R9="0" R10="0" R11="0" R12="0" R13="0" R14="0" R15="0" R16="0" R17="0" R18="0" R19="0" R20="0" R21="0" R22="0" R23="0" R24="0" R25="0" R26="0" R27="0" R28="0" R29="0" R30="0" R31="0" R32="0" R33="0" R34="0" R35="0" R36="0" R37="0" R38="0" R39="0" R40="0" R41="0" R42="0" R43="0" R44="0" R45="0" R46="0" R47="0" R48="0" R49="0" R50="0" R51="0" R52="0" R53="0" R54="0" R55="0" R56="0" R57="0" R58="0" R59="0" R60="0" R61="0" R62="0" R63="0" R64="0" />
  <content Id="33" R1="0" R2="0" R3="0" R4="0" R5="0" R6="0" R7="0" R8="0" R9="0" R10="0" R11="0" R12="0" R13="0" R14="0" R15="0" R16="0" R17="0" R18="0" R19="0" R20="0" R21="0" R22="0" R23="0" R24="0" R25="0" R26="0" R27="0" R28="0" R29="0" R30="0" R31="0" R32="0" R33="0" R34="0" R35="0" R36="0" R37="0" R38="0" R39="0" R40="0" R41="0" R42="0" R43="0" R44="0" R45="0" R46="0" R47="0" R48="0" R49="0" R50="0" R51="0" R52="0" R53="0" R54="0" R55="0" R56="0" R57="0" R58="0" R59="0" R60="0" R61="0" R62="0" R63="0" R64="0" />
  <content Id="34" R1="0" R2="0" R3="0" R4="0" R5="0" R6="0" R7="0" R8="0" R9="0" R10="0" R11="0" R12="0" R13="0" R14="0" R15="0" R16="0" R17="0" R18="0" R19="0" R20="0" R21="0" R22="0" R23="0" R24="0" R25="0" R26="0" R27="0" R28="0" R29="0" R30="0" R31="0" R32="0" R33="0" R34="0" R35="0" R36="0" R37="0" R38="0" R39="0" R40="0" R41="0" R42="0" R43="0" R44="0" R45="0" R46="0" R47="0" R48="0" R49="0" R50="0" R51="0" R52="0" R53="0" R54="0" R55="0" R56="0" R57="0" R58="0" R59="0" R60="0" R61="0" R62="0" R63="0" R64="0" />
  <content Id="35" R1="0" R2="0" R3="0" R4="0" R5="0" R6="0" R7="0" R8="0" R9="0" R10="0" R11="0" R12="0" R13="0" R14="0" R15="0" R16="0" R17="0" R18="0" R19="0" R20="0" R21="0" R22="0" R23="0" R24="0" R25="0" R26="0" R27="0" R28="0" R29="0" R30="0" R31="0" R32="0" R33="0" R34="0" R35="0" R36="0" R37="0" R38="0" R39="0" R40="0" R41="0" R42="0" R43="0" R44="0" R45="0" R46="0" R47="0" R48="0" R49="0" R50="0" R51="0" R52="0" R53="0" R54="0" R55="0" R56="0" R57="0" R58="0" R59="0" R60="0" R61="0" R62="0" R63="0" R64="0" />
  <content Id="36" R1="0" R2="0" R3="0" R4="0" R5="0" R6="0" R7="0" R8="0" R9="0" R10="0" R11="0" R12="0" R13="0" R14="0" R15="0" R16="0" R17="0" R18="0" R19="0" R20="0" R21="0" R22="0" R23="0" R24="0" R25="0" R26="0" R27="0" R28="0" R29="0" R30="0" R31="0" R32="0" R33="0" R34="0" R35="0" R36="0" R37="0" R38="0" R39="0" R40="0" R41="0" R42="0" R43="0" R44="0" R45="0" R46="0" R47="0" R48="0" R49="0" R50="0" R51="0" R52="0" R53="0" R54="0" R55="0" R56="0" R57="0" R58="0" R59="0" R60="0" R61="0" R62="0" R63="0" R64="0" />
  <content Id="37" R1="0" R2="0" R3="0" R4="0" R5="0" R6="0" R7="0" R8="0" R9="0" R10="0" R11="0" R12="0" R13="0" R14="0" R15="0" R16="0" R17="0" R18="0" R19="0" R20="0" R21="0" R22="0" R23="0" R24="0" R25="0" R26="0" R27="0" R28="0" R29="0" R30="0" R31="0" R32="0" R33="0" R34="0" R35="0" R36="0" R37="0" R38="0" R39="0" R40="0" R41="0" R42="0" R43="0" R44="0" R45="0" R46="0" R47="0" R48="0" R49="0" R50="0" R51="0" R52="0" R53="0" R54="0" R55="0" R56="0" R57="0" R58="0" R59="0" R60="0" R61="0" R62="0" R63="0" R64="0" />
  <content Id="38" R1="0" R2="0" R3="0" R4="0" R5="0" R6="0" R7="0" R8="0" R9="0" R10="0" R11="0" R12="0" R13="0" R14="0" R15="0" R16="0" R17="0" R18="0" R19="0" R20="0" R21="0" R22="0" R23="0" R24="0" R25="0" R26="0" R27="0" R28="0" R29="0" R30="0" R31="0" R32="0" R33="0" R34="0" R35="0" R36="0" R37="0" R38="0" R39="0" R40="0" R41="0" R42="0" R43="0" R44="0" R45="0" R46="0" R47="0" R48="0" R49="0" R50="0" R51="0" R52="0" R53="0" R54="0" R55="0" R56="0" R57="0" R58="0" R59="0" R60="0" R61="0" R62="0" R63="0" R64="0" />
  <content Id="39" R1="0" R2="0" R3="0" R4="0" R5="0" R6="0" R7="0" R8="0" R9="0" R10="0" R11="0" R12="0" R13="0" R14="0" R15="0" R16="0" R17="0" R18="0" R19="0" R20="0" R21="0" R22="0" R23="0" R24="0" R25="0" R26="0" R27="0" R28="0" R29="0" R30="0" R31="0" R32="0" R33="0" R34="0" R35="0" R36="0" R37="0" R38="0" R39="0" R40="0" R41="0" R42="0" R43="0" R44="0" R45="0" R46="0" R47="0" R48="0" R49="0" R50="0" R51="0" R52="0" R53="0" R54="0" R55="0" R56="0" R57="0" R58="0" R59="0" R60="0" R61="0" R62="0" R63="0" R64="0" />
  <content Id="40" R1="0" R2="0" R3="0" R4="0" R5="0" R6="0" R7="0" R8="0" R9="0" R10="0" R11="0" R12="0" R13="0" R14="0" R15="0" R16="0" R17="0" R18="0" R19="0" R20="0" R21="0" R22="0" R23="0" R24="0" R25="0" R26="0" R27="0" R28="0" R29="0" R30="0" R31="0" R32="0" R33="0" R34="0" R35="0" R36="0" R37="0" R38="0" R39="0" R40="0" R41="0" R42="0" R43="0" R44="0" R45="0" R46="0" R47="0" R48="0" R49="0" R50="0" R51="0" R52="0" R53="0" R54="0" R55="0" R56="0" R57="0" R58="0" R59="0" R60="0" R61="0" R62="0" R63="0" R64="0" />
  <content Id="41" R1="0" R2="0" R3="0" R4="0" R5="0" R6="0" R7="0" R8="0" R9="0" R10="0" R11="0" R12="0" R13="0" R14="0" R15="0" R16="0" R17="0" R18="0" R19="0" R20="0" R21="0" R22="0" R23="0" R24="0" R25="0" R26="0" R27="0" R28="0" R29="0" R30="0" R31="0" R32="0" R33="0" R34="0" R35="0" R36="0" R37="0" R38="0" R39="0" R40="0" R41="0" R42="0" R43="0" R44="0" R45="0" R46="0" R47="0" R48="0" R49="0" R50="0" R51="0" R52="0" R53="0" R54="0" R55="0" R56="0" R57="0" R58="0" R59="0" R60="0" R61="0" R62="0" R63="0" R64="0" />
  <content Id="42" R1="0" R2="0" R3="0" R4="0" R5="0" R6="0" R7="0" R8="0" R9="0" R10="0" R11="0" R12="0" R13="0" R14="0" R15="0" R16="0" R17="0" R18="0" R19="0" R20="0" R21="0" R22="0" R23="0" R24="0" R25="0" R26="0" R27="0" R28="0" R29="0" R30="0" R31="0" R32="0" R33="0" R34="0" R35="0" R36="0" R37="0" R38="0" R39="0" R40="0" R41="0" R42="0" R43="0" R44="0" R45="0" R46="0" R47="0" R48="0" R49="0" R50="0" R51="0" R52="0" R53="0" R54="0" R55="0" R56="0" R57="0" R58="0" R59="0" R60="0" R61="0" R62="0" R63="0" R64="0" />
  <content Id="43" R1="0" R2="0" R3="0" R4="0" R5="0" R6="0" R7="0" R8="0" R9="0" R10="0" R11="0" R12="0" R13="0" R14="0" R15="0" R16="0" R17="0" R18="0" R19="0" R20="0" R21="0" R22="0" R23="0" R24="0" R25="0" R26="0" R27="0" R28="0" R29="0" R30="0" R31="0" R32="0" R33="0" R34="0" R35="0" R36="0" R37="0" R38="0" R39="0" R40="0" R41="0" R42="0" R43="0" R44="0" R45="0" R46="0" R47="0" R48="0" R49="0" R50="0" R51="0" R52="0" R53="0" R54="0" R55="0" R56="0" R57="0" R58="0" R59="0" R60="0" R61="0" R62="0" R63="0" R64="0" />
  <content Id="44" R1="0" R2="0" R3="0" R4="0" R5="0" R6="0" R7="0" R8="0" R9="0" R10="0" R11="0" R12="0" R13="0" R14="0" R15="0" R16="0" R17="0" R18="0" R19="0" R20="0" R21="0" R22="0" R23="0" R24="0" R25="0" R26="0" R27="0" R28="0" R29="0" R30="0" R31="0" R32="0" R33="0" R34="0" R35="0" R36="0" R37="0" R38="0" R39="0" R40="0" R41="0" R42="0" R43="0" R44="0" R45="0" R46="0" R47="0" R48="0" R49="0" R50="0" R51="0" R52="0" R53="0" R54="0" R55="0" R56="0" R57="0" R58="0" R59="0" R60="0" R61="0" R62="0" R63="0" R64="0" />
  <content Id="45" R1="0" R2="0" R3="0" R4="0" R5="0" R6="0" R7="0" R8="0" R9="0" R10="0" R11="0" R12="0" R13="0" R14="0" R15="0" R16="0" R17="0" R18="0" R19="0" R20="0" R21="0" R22="0" R23="0" R24="0" R25="0" R26="0" R27="0" R28="0" R29="0" R30="0" R31="0" R32="0" R33="0" R34="0" R35="0" R36="0" R37="0" R38="0" R39="0" R40="0" R41="0" R42="0" R43="0" R44="0" R45="0" R46="0" R47="0" R48="0" R49="0" R50="0" R51="0" R52="0" R53="0" R54="0" R55="0" R56="0" R57="0" R58="0" R59="0" R60="0" R61="0" R62="0" R63="0" R64="0" />
  <content Id="46" R1="0" R2="0" R3="0" R4="0" R5="0" R6="0" R7="0" R8="0" R9="0" R10="0" R11="0" R12="0" R13="0" R14="0" R15="0" R16="0" R17="0" R18="0" R19="0" R20="0" R21="0" R22="0" R23="0" R24="0" R25="0" R26="0" R27="0" R28="0" R29="0" R30="0" R31="0" R32="0" R33="0" R34="0" R35="0" R36="0" R37="0" R38="0" R39="0" R40="0" R41="0" R42="0" R43="0" R44="0" R45="0" R46="0" R47="0" R48="0" R49="0" R50="0" R51="0" R52="0" R53="0" R54="0" R55="0" R56="0" R57="0" R58="0" R59="0" R60="0" R61="0" R62="0" R63="0" R64="0" />
  <content Id="47" R1="0" R2="0" R3="0" R4="0" R5="0" R6="0" R7="0" R8="0" R9="0" R10="0" R11="0" R12="0" R13="0" R14="0" R15="0" R16="0" R17="0" R18="0" R19="0" R20="0" R21="0" R22="0" R23="0" R24="0" R25="0" R26="0" R27="0" R28="0" R29="0" R30="0" R31="0" R32="0" R33="0" R34="0" R35="0" R36="0" R37="0" R38="0" R39="0" R40="0" R41="0" R42="0" R43="0" R44="0" R45="0" R46="0" R47="0" R48="0" R49="0" R50="0" R51="0" R52="0" R53="0" R54="0" R55="0" R56="0" R57="0" R58="0" R59="0" R60="0" R61="0" R62="0" R63="0" R64="0" />
  <content Id="48" R1="0" R2="0" R3="0" R4="0" R5="0" R6="0" R7="0" R8="0" R9="0" R10="0" R11="0" R12="0" R13="0" R14="0" R15="0" R16="0" R17="0" R18="0" R19="0" R20="0" R21="0" R22="0" R23="0" R24="0" R25="0" R26="0" R27="0" R28="0" R29="0" R30="0" R31="0" R32="0" R33="0" R34="0" R35="0" R36="0" R37="0" R38="0" R39="0" R40="0" R41="0" R42="0" R43="0" R44="0" R45="0" R46="0" R47="0" R48="0" R49="0" R50="0" R51="0" R52="0" R53="0" R54="0" R55="0" R56="0" R57="0" R58="0" R59="0" R60="0" R61="0" R62="0" R63="0" R64="0" />
  <content Id="49" R1="0" R2="0" R3="0" R4="0" R5="0" R6="0" R7="0" R8="0" R9="0" R10="0" R11="0" R12="0" R13="0" R14="0" R15="0" R16="0" R17="0" R18="0" R19="0" R20="0" R21="0" R22="0" R23="0" R24="0" R25="0" R26="0" R27="0" R28="0" R29="0" R30="0" R31="0" R32="0" R33="0" R34="0" R35="0" R36="0" R37="0" R38="0" R39="0" R40="0" R41="0" R42="0" R43="0" R44="0" R45="0" R46="0" R47="0" R48="0" R49="0" R50="0" R51="0" R52="0" R53="0" R54="0" R55="0" R56="0" R57="0" R58="0" R59="0" R60="0" R61="0" R62="0" R63="0" R64="0" />
  <content Id="50" R1="0" R2="0" R3="0" R4="0" R5="0" R6="0" R7="0" R8="0" R9="0" R10="0" R11="0" R12="0" R13="0" R14="0" R15="0" R16="0" R17="0" R18="0" R19="0" R20="0" R21="0" R22="0" R23="0" R24="0" R25="0" R26="0" R27="0" R28="0" R29="0" R30="0" R31="0" R32="0" R33="0" R34="0" R35="0" R36="0" R37="0" R38="0" R39="0" R40="0" R41="0" R42="0" R43="0" R44="0" R45="0" R46="0" R47="0" R48="0" R49="0" R50="0" R51="0" R52="0" R53="0" R54="0" R55="0" R56="0" R57="0" R58="0" R59="0" R60="0" R61="0" R62="0" R63="0" R64="0" />
  <content Id="51" R1="0" R2="0" R3="0" R4="0" R5="0" R6="0" R7="0" R8="0" R9="0" R10="0" R11="0" R12="0" R13="0" R14="0" R15="0" R16="0" R17="0" R18="0" R19="0" R20="0" R21="0" R22="0" R23="0" R24="0" R25="0" R26="0" R27="0" R28="0" R29="0" R30="0" R31="0" R32="0" R33="0" R34="0" R35="0" R36="0" R37="0" R38="0" R39="0" R40="0" R41="0" R42="0" R43="0" R44="0" R45="0" R46="0" R47="0" R48="0" R49="0" R50="0" R51="0" R52="0" R53="0" R54="0" R55="0" R56="0" R57="0" R58="0" R59="0" R60="0" R61="0" R62="0" R63="0" R64="0" />
  <content Id="52" R1="0" R2="0" R3="0" R4="0" R5="0" R6="0" R7="0" R8="0" R9="0" R10="0" R11="0" R12="0" R13="0" R14="0" R15="0" R16="0" R17="0" R18="0" R19="0" R20="0" R21="0" R22="0" R23="0" R24="0" R25="0" R26="0" R27="0" R28="0" R29="0" R30="0" R31="0" R32="0" R33="0" R34="0" R35="0" R36="0" R37="0" R38="0" R39="0" R40="0" R41="0" R42="0" R43="0" R44="0" R45="0" R46="0" R47="0" R48="0" R49="0" R50="0" R51="0" R52="0" R53="0" R54="0" R55="0" R56="0" R57="0" R58="0" R59="0" R60="0" R61="0" R62="0" R63="0" R64="0" />
  <content Id="53" R1="0" R2="0" R3="0" R4="0" R5="0" R6="0" R7="0" R8="0" R9="0" R10="0" R11="0" R12="0" R13="0" R14="0" R15="0" R16="0" R17="0" R18="0" R19="0" R20="0" R21="0" R22="0" R23="0" R24="0" R25="0" R26="0" R27="0" R28="0" R29="0" R30="0" R31="0" R32="0" R33="0" R34="0" R35="0" R36="0" R37="0" R38="0" R39="0" R40="0" R41="0" R42="0" R43="0" R44="0" R45="0" R46="0" R47="0" R48="0" R49="0" R50="0" R51="0" R52="0" R53="0" R54="0" R55="0" R56="0" R57="0" R58="0" R59="0" R60="0" R61="0" R62="0" R63="0" R64="0" />
  <content Id="54" R1="0" R2="0" R3="0" R4="0" R5="0" R6="0" R7="0" R8="0" R9="0" R10="0" R11="0" R12="0" R13="0" R14="0" R15="0" R16="0" R17="0" R18="0" R19="0" R20="0" R21="0" R22="0" R23="0" R24="0" R25="0" R26="0" R27="0" R28="0" R29="0" R30="0" R31="0" R32="0" R33="0" R34="0" R35="0" R36="0" R37="0" R38="0" R39="0" R40="0" R41="0" R42="0" R43="0" R44="0" R45="0" R46="0" R47="0" R48="0" R49="0" R50="0" R51="0" R52="0" R53="0" R54="0" R55="0" R56="0" R57="0" R58="0" R59="0" R60="0" R61="0" R62="0" R63="0" R64="0" />
  <content Id="55" R1="0" R2="0" R3="0" R4="0" R5="0" R6="0" R7="0" R8="0" R9="0" R10="0" R11="0" R12="0" R13="0" R14="0" R15="0" R16="0" R17="0" R18="0" R19="0" R20="0" R21="0" R22="0" R23="0" R24="0" R25="0" R26="0" R27="0" R28="0" R29="0" R30="0" R31="0" R32="0" R33="0" R34="0" R35="0" R36="0" R37="0" R38="0" R39="0" R40="0" R41="0" R42="0" R43="0" R44="0" R45="0" R46="0" R47="0" R48="0" R49="0" R50="0" R51="0" R52="0" R53="0" R54="0" R55="0" R56="0" R57="0" R58="0" R59="0" R60="0" R61="0" R62="0" R63="0" R64="0" />
  <content Id="56" R1="0" R2="0" R3="0" R4="0" R5="0" R6="0" R7="0" R8="0" R9="0" R10="0" R11="0" R12="0" R13="0" R14="0" R15="0" R16="0" R17="0" R18="0" R19="0" R20="0" R21="0" R22="0" R23="0" R24="0" R25="0" R26="0" R27="0" R28="0" R29="0" R30="0" R31="0" R32="0" R33="0" R34="0" R35="0" R36="0" R37="0" R38="0" R39="0" R40="0" R41="0" R42="0" R43="0" R44="0" R45="0" R46="0" R47="0" R48="0" R49="0" R50="0" R51="0" R52="0" R53="0" R54="0" R55="0" R56="0" R57="0" R58="0" R59="0" R60="0" R61="0" R62="0" R63="0" R64="0" />
  <content Id="57" R1="0" R2="0" R3="0" R4="0" R5="0" R6="0" R7="0" R8="0" R9="0" R10="0" R11="0" R12="0" R13="0" R14="0" R15="0" R16="0" R17="0" R18="0" R19="0" R20="0" R21="0" R22="0" R23="0" R24="0" R25="0" R26="0" R27="0" R28="0" R29="0" R30="0" R31="0" R32="0" R33="0" R34="0" R35="0" R36="0" R37="0" R38="0" R39="0" R40="0" R41="0" R42="0" R43="0" R44="0" R45="0" R46="0" R47="0" R48="0" R49="0" R50="0" R51="0" R52="0" R53="0" R54="0" R55="0" R56="0" R57="0" R58="0" R59="0" R60="0" R61="0" R62="0" R63="0" R64="0" />
  <content Id="58" R1="0" R2="0" R3="0" R4="0" R5="0" R6="0" R7="0" R8="0" R9="0" R10="0" R11="0" R12="0" R13="0" R14="0" R15="0" R16="0" R17="0" R18="0" R19="0" R20="0" R21="0" R22="0" R23="0" R24="0" R25="0" R26="0" R27="0" R28="0" R29="0" R30="0" R31="0" R32="0" R33="0" R34="0" R35="0" R36="0" R37="0" R38="0" R39="0" R40="0" R41="0" R42="0" R43="0" R44="0" R45="0" R46="0" R47="0" R48="0" R49="0" R50="0" R51="0" R52="0" R53="0" R54="0" R55="0" R56="0" R57="0" R58="0" R59="0" R60="0" R61="0" R62="0" R63="0" R64="0" />
  <content Id="59" R1="0" R2="0" R3="0" R4="0" R5="0" R6="0" R7="0" R8="0" R9="0" R10="0" R11="0" R12="0" R13="0" R14="0" R15="0" R16="0" R17="0" R18="0" R19="0" R20="0" R21="0" R22="0" R23="0" R24="0" R25="0" R26="0" R27="0" R28="0" R29="0" R30="0" R31="0" R32="0" R33="0" R34="0" R35="0" R36="0" R37="0" R38="0" R39="0" R40="0" R41="0" R42="0" R43="0" R44="0" R45="0" R46="0" R47="0" R48="0" R49="0" R50="0" R51="0" R52="0" R53="0" R54="0" R55="0" R56="0" R57="0" R58="0" R59="0" R60="0" R61="0" R62="0" R63="0" R64="0" />
  <content Id="60" R1="0" R2="0" R3="0" R4="0" R5="0" R6="0" R7="0" R8="0" R9="0" R10="0" R11="0" R12="0" R13="0" R14="0" R15="0" R16="0" R17="0" R18="0" R19="0" R20="0" R21="0" R22="0" R23="0" R24="0" R25="0" R26="0" R27="0" R28="0" R29="0" R30="0" R31="0" R32="0" R33="0" R34="0" R35="0" R36="0" R37="0" R38="0" R39="0" R40="0" R41="0" R42="0" R43="0" R44="0" R45="0" R46="0" R47="0" R48="0" R49="0" R50="0" R51="0" R52="0" R53="0" R54="0" R55="0" R56="0" R57="0" R58="0" R59="0" R60="0" R61="0" R62="0" R63="0" R64="0" />
  <content Id="61" R1="0" R2="0" R3="0" R4="0" R5="0" R6="0" R7="0" R8="0" R9="0" R10="0" R11="0" R12="0" R13="0" R14="0" R15="0" R16="0" R17="0" R18="0" R19="0" R20="0" R21="0" R22="0" R23="0" R24="0" R25="0" R26="0" R27="0" R28="0" R29="0" R30="0" R31="0" R32="0" R33="0" R34="0" R35="0" R36="0" R37="0" R38="0" R39="0" R40="0" R41="0" R42="0" R43="0" R44="0" R45="0" R46="0" R47="0" R48="0" R49="0" R50="0" R51="0" R52="0" R53="0" R54="0" R55="0" R56="0" R57="0" R58="0" R59="0" R60="0" R61="0" R62="0" R63="0" R64="0" />
  <content Id="62" R1="0" R2="0" R3="0" R4="0" R5="0" R6="0" R7="0" R8="0" R9="0" R10="0" R11="0" R12="0" R13="0" R14="0" R15="0" R16="0" R17="0" R18="0" R19="0" R20="0" R21="0" R22="0" R23="0" R24="0" R25="0" R26="0" R27="0" R28="0" R29="0" R30="0" R31="0" R32="0" R33="0" R34="0" R35="0" R36="0" R37="0" R38="0" R39="0" R40="0" R41="0" R42="0" R43="0" R44="0" R45="0" R46="0" R47="0" R48="0" R49="0" R50="0" R51="0" R52="0" R53="0" R54="0" R55="0" R56="0" R57="0" R58="0" R59="0" R60="0" R61="0" R62="0" R63="0" R64="0" />
  <content Id="63" R1="0" R2="0" R3="0" R4="0" R5="0" R6="0" R7="0" R8="0" R9="0" R10="0" R11="0" R12="0" R13="0" R14="0" R15="0" R16="0" R17="0" R18="0" R19="0" R20="0" R21="0" R22="0" R23="0" R24="0" R25="0" R26="0" R27="0" R28="0" R29="0" R30="0" R31="0" R32="0" R33="0" R34="0" R35="0" R36="0" R37="0" R38="0" R39="0" R40="0" R41="0" R42="0" R43="0" R44="0" R45="0" R46="0" R47="0" R48="0" R49="0" R50="0" R51="0" R52="0" R53="0" R54="0" R55="0" R56="0" R57="0" R58="0" R59="0" R60="0" R61="0" R62="0" R63="0" R64="0" />
  <content Id="64" R1="0" R2="0" R3="0" R4="0" R5="0" R6="0" R7="0" R8="0" R9="0" R10="0" R11="0" R12="0" R13="0" R14="0" R15="0" R16="0" R17="0" R18="0" R19="0" R20="0" R21="0" R22="0" R23="0" R24="0" R25="0" R26="0" R27="0" R28="0" R29="0" R30="0" R31="0" R32="0" R33="0" R34="0" R35="0" R36="0" R37="0" R38="0" R39="0" R40="0" R41="0" R42="0" R43="0" R44="0" R45="0" R46="0" R47="0" R48="0" R49="0" R50="0" R51="0" R52="0" R53="0" R54="0" R55="0" R56="0" R57="0" R58="0" R59="0" R60="0" R61="0" R62="0" R63="0" R64="0" />
</root>