<?xml version="1.0" encoding="gb2312" standalone="yes"?>
<root>
  <content Id="1" Level="1" SubLevel="1" Desc="EXC" />
  <content Id="2" Level="1" SubLevel="2" Desc="0" />
  <content Id="3" Level="1" SubLevel="3" Desc="0" />
  <content Id="4" Level="1" SubLevel="4" Desc="0" />
  <content Id="5" Level="2" SubLevel="1" Desc="0" />
  <content Id="6" Level="2" SubLevel="2" Desc="0" />
  <content Id="7" Level="2" SubLevel="3" Desc="0" />
  <content Id="8" Level="2" SubLevel="4" Desc="0" />
  <content Id="9" Level="3" SubLevel="1" Desc="0" />
  <content Id="10" Level="4" SubLevel="1" Desc="0" />
  <content Id="11" Level="5" SubLevel="1" Desc="0" />
  <content Id="12" Level="6" SubLevel="1" Desc="0" />
  <content Id="13" Level="7" SubLevel="1" Desc="0" />
  <content Id="14" Level="8" SubLevel="1" Desc="0" />
  <content Id="15" Level="9" SubLevel="1" Desc="0" />
  <content Id="16" Level="10" SubLevel="1" Desc="0" />
  <content Id="17" Level="11" SubLevel="1" Desc="0" />
  <content Id="18" Level="12" SubLevel="1" Desc="0" />
  <content Id="19" Level="13" SubLevel="1" Desc="0" />
  <content Id="20" Level="14" SubLevel="1" Desc="0" />
</root>