<?xml version="1.0" encoding="gb2312" standalone="yes"?>
<root>
  <content Level="1" Att1="0" AttValue1="0" Att2="0" AttValue2="0" Att3="0" AttValue3="0" Att4="0" AttValue4="0" Att5="0" AttValue5="0" Att6="0" AttValue6="0" Att7="0" AttValue7="0" Att8="0" AttValue8="0" Att9="0" AttValue9="0" Att10="0" AttValue10="0" Icon="0" />
  <content Level="2" Att1="0" AttValue1="0" Att2="0" AttValue2="0" Att3="0" AttValue3="0" Att4="0" AttValue4="0" Att5="0" AttValue5="0" Att6="0" AttValue6="0" Att7="0" AttValue7="0" Att8="0" AttValue8="0" Att9="0" AttValue9="0" Att10="0" AttValue10="0" Icon="0" />
  <content Level="3" Att1="0" AttValue1="0" Att2="0" AttValue2="0" Att3="0" AttValue3="0" Att4="0" AttValue4="0" Att5="0" AttValue5="0" Att6="0" AttValue6="0" Att7="0" AttValue7="0" Att8="0" AttValue8="0" Att9="0" AttValue9="0" Att10="0" AttValue10="0" Icon="0" />
  <content Level="4" Att1="0" AttValue1="0" Att2="0" AttValue2="0" Att3="0" AttValue3="0" Att4="0" AttValue4="0" Att5="0" AttValue5="0" Att6="0" AttValue6="0" Att7="0" AttValue7="0" Att8="0" AttValue8="0" Att9="0" AttValue9="0" Att10="0" AttValue10="0" Icon="0" />
  <content Level="5" Att1="0" AttValue1="0" Att2="0" AttValue2="0" Att3="0" AttValue3="0" Att4="0" AttValue4="0" Att5="0" AttValue5="0" Att6="0" AttValue6="0" Att7="0" AttValue7="0" Att8="0" AttValue8="0" Att9="0" AttValue9="0" Att10="0" AttValue10="0" Icon="0" />
  <content Level="6" Att1="0" AttValue1="0" Att2="0" AttValue2="0" Att3="0" AttValue3="0" Att4="0" AttValue4="0" Att5="0" AttValue5="0" Att6="0" AttValue6="0" Att7="0" AttValue7="0" Att8="0" AttValue8="0" Att9="0" AttValue9="0" Att10="0" AttValue10="0" Icon="0" />
  <content Level="7" Att1="83" AttValue1="3" Att2="85" AttValue2="3" Att3="87" AttValue3="3" Att4="89" AttValue4="3" Att5="91" AttValue5="3" Att6="81" AttValue6="3" Att7="82" AttValue7="3" Att8="0" AttValue8="0" Att9="0" AttValue9="0" Att10="0" AttValue10="0" Icon="1900800050" />
  <content Level="8" Att1="83" AttValue1="6" Att2="85" AttValue2="6" Att3="87" AttValue3="6" Att4="89" AttValue4="6" Att5="91" AttValue5="6" Att6="81" AttValue6="6" Att7="82" AttValue7="6" Att8="0" AttValue8="0" Att9="0" AttValue9="0" Att10="0" AttValue10="0" Icon="1900800051" />
  <content Level="9" Att1="83" AttValue1="12" Att2="85" AttValue2="12" Att3="87" AttValue3="12" Att4="89" AttValue4="12" Att5="91" AttValue5="12" Att6="81" AttValue6="12" Att7="82" AttValue7="12" Att8="0" AttValue8="0" Att9="0" AttValue9="0" Att10="0" AttValue10="0" Icon="1900800052" />
  <content Level="10" Att1="0" AttValue1="0" Att2="0" AttValue2="0" Att3="0" AttValue3="0" Att4="0" AttValue4="0" Att5="0" AttValue5="0" Att6="0" AttValue6="0" Att7="0" AttValue7="0" Att8="0" AttValue8="0" Att9="0" AttValue9="0" Att10="0" AttValue10="0" Icon="0" />
  <content Level="11" Att1="0" AttValue1="0" Att2="0" AttValue2="0" Att3="0" AttValue3="0" Att4="0" AttValue4="0" Att5="0" AttValue5="0" Att6="0" AttValue6="0" Att7="0" AttValue7="0" Att8="0" AttValue8="0" Att9="0" AttValue9="0" Att10="0" AttValue10="0" Icon="0" />
  <content Level="12" Att1="0" AttValue1="0" Att2="0" AttValue2="0" Att3="0" AttValue3="0" Att4="0" AttValue4="0" Att5="0" AttValue5="0" Att6="0" AttValue6="0" Att7="0" AttValue7="0" Att8="0" AttValue8="0" Att9="0" AttValue9="0" Att10="0" AttValue10="0" Icon="0" />
  <content Level="13" Att1="0" AttValue1="0" Att2="0" AttValue2="0" Att3="0" AttValue3="0" Att4="0" AttValue4="0" Att5="0" AttValue5="0" Att6="0" AttValue6="0" Att7="0" AttValue7="0" Att8="0" AttValue8="0" Att9="0" AttValue9="0" Att10="0" AttValue10="0" Icon="0" />
  <content Level="14" Att1="0" AttValue1="0" Att2="0" AttValue2="0" Att3="0" AttValue3="0" Att4="0" AttValue4="0" Att5="0" AttValue5="0" Att6="0" AttValue6="0" Att7="0" AttValue7="0" Att8="0" AttValue8="0" Att9="0" AttValue9="0" Att10="0" AttValue10="0" Icon="0" />
  <content Level="15" Att1="0" AttValue1="0" Att2="0" AttValue2="0" Att3="0" AttValue3="0" Att4="0" AttValue4="0" Att5="0" AttValue5="0" Att6="0" AttValue6="0" Att7="0" AttValue7="0" Att8="0" AttValue8="0" Att9="0" AttValue9="0" Att10="0" AttValue10="0" Icon="0" />
</root>